{
    "Rivals": {
        "skyboxes": [
            "fa556eefa6748fc43e732b3e617e8921",
            "c2377e4ff38043c6e433d73d6e75cfeb",
            "43da220df9e120f7e9aef3498b64e4dd",
            "41a30c95746b3f2c2209cc5043deea0f",
            "15115b83e512f17ae963dbb942fc8b01",
            "1041bfb5a03c1861ccd4c1c513812e82"
        ],
        "gun sounds": {
            "energy rifle": "778edadd0f1272b0e73386df7f1196af",
            "energy pistols": "8a26e941e47a1479036c28e46b89b706",
            "exogun": [
                "8a26e941e47a1479036c28e46b89b706",
                "f43292a551df701bf790cd90dc588201",
                "43a955159e0dd0092bbd497bceb45cb4"
            ],
            "granade launcher": "9ed349a605c62a8a02f7e1bfde9f5aa9",
            "slingshot": "bb5ce9e98558be8872195d7ea931cdca",
            "paintball gun": "adac0771e1489a53154fdd17cd14a5c8",
            "ar": "fa61a0f16e08e8ad65fa9d7fe19d30a6",
            "bow": [
                "09b05a424a37c584b549e96a898512a8",
                "5ef955766f2517b26612ca0fb0dd2bf1",
                "ec58dcc9ff83f5c84f335273d55456a3"
            ],
            "pistol": "54b376ac497588e6d6c2ac1fdb1b2709",
            "revolver": [
                "96a20eb86ec228f20bf33e3ad7bf8db9",
                "a0fcc74210044a06dcc77476db45f6b6",
                "f8930eb4e03fa864bde4904908fc2f1b",
                "fb92b5ae94ebc3b4049d6082bae6c471"
            ],
            "burst rifle": "fa61a0f16e08e8ad65fa9d7fe19d30a6",
            "shorty": "8051b7a714007fadace33f0c837b29c4",
            "crossbow": "f8d3504419dce2cd6f89eb410d2e4c31",
            "gunblade": "1f66df24f3a11da6b490b2ef86c682fa",
            "spray": "81e2dc33269628c24b79c394e243d368",
            "uzi": [
                "20facac05958f0447c5294be26c09c02",
                "2e2ca2293efb8a3aa76bbdc235ec79fc",
                "649d61676dd9675cd89dc1d026d7e30d",
                "d0e5d1b9283827c23fc56c4ed3e3f490"
            ],
            "shotgun": "8051b7a714007fadace33f0c837b29c4",
            "sniper": [
                "83cb39719c297b1c1691658e7fe30880",
                "2650c0779e25134617c7c87712dc025f"
            ]
        },
        "stuff": {
            "assaultrifle": [
                "674a7bebe0ee82bf8be52a3c0f923cbf",
                "9399b5e52828ca06e5201ecdc5133ec9",
                "d3c4f91149d10283dd090523dfce62f7",
                "affdbe7173f97c87605e939b5487bd52",
                "ad5981b1d437daf09b55c2e1547cd895",
                "a4b722ec2d25a8255f6ed3b9cce6a85f",
                "9310c0b50e8bd35048e23e3163b3ad33",
                "4b6642a1b3b1578df572ddc8697a9cd8",
                "5c1a0032d6620af9652f7a9198bf92fb"
            ],
            "arms": {
                "left": "b46def18274b69a5ff9b013bc5893742",
                "right": "6bc31f31e3c21932651ae0e9f71004dd"
            },

            "hitsounds": {
                "headshot": [
                    "674a7bebe0ee82bf8be52a3c0f923cbf",
                    "9399b5e52828ca06e5201ecdc5133ec9"
                ],
                "body": "bc85bf8330a7d66589ac5e4adc4e97bd",
                "killsound": "cd209afffc54351bf969ab6c9d7e646d"
            }
        },
        "fleasion replacements": {
            "remove": "75205be5a167842c7ed931d9d5a904ca",
            "hitmarker": {
                "default": "097165b476243d2095ef0a256320b06a",
                "pink small": "5b62f2b46911c14c8786c6e943d25bf9",
                "big blue": "5cbef7585db032e658b662ea4e415f36",
                "big pink": "7cdebc991be99683783721c89a811fca",
                "another pink": "34732c8b8a11032ca4dd3330cb8daa91",
                "mw2": "f54a0e14f22167d3b0146cdf62cf11a7"
            },
            "replacement sounds": {
                "gun sounds": {
                    "pf guns": {
                        "ars": {
                            "ak12": "2f6a7d1ed072c7e21af32b95e6f68c5e",
                            "an94": "c5d668520f6408d1590d9b4b5157e73f",
                            "an94 762": "a912c9d26a7b8eee9866133ded7785fd",
                            "as val": "dfae8217ebf900cdee45846373da60e0",
                            "scar-l": "36944683beb83ae89a2f643c2fc89c0a",
                            "scar-l 9mm": "95fe12467b808ea006d62a7666fa4c95",
                            "aug a1": "feb10a78b7cfb4cb20562b595237de35",
                            "m16a4": "20178d7285faf3f539d59a358bcb2e66",
                            "g36": "b9e21999a84f260a2c3f11d36ecec8e4",
                            "m16a1": "019871cff77ec1e689c8c10916b5e64e",
                            "m16a3": "20178d7285faf3f539d59a358bcb2e66",
                            "t20": "edc4e429e754b9fe1985a8253ea55c5f",
                            "t20 integ": "28d05cf4497582e7fbe19e172df8e2a4",
                            "aug a2": "feb10a78b7cfb4cb20562b595237de35",
                            "k2": "0cf22303011282724ccfba76d4c32021",
                            "dr-300": "81dc692fcc630e87f3cffbd9ef5e03cf",
                            "famas": "1b8db05b76007ad62a36d7e9934148ca",
                            "ak47": "ef2db2e92cbfb8c80504d6e8059186a5",
                            "aug a3": "feb10a78b7cfb4cb20562b595237de35",
                            "l85a2": "a356fe1b30485755c08f8a022e2b8046",
                            "hk416": "0dfcdd124610f6367a2ac0fb0591bab3",
                            "ak74": "450044ec31d9d484e8e778a9d9fc2e05",
                            "akm": "f411fedee1268b243fa4ebfee23d1797",
                            "akm 366": "785795166343962fa3e439989284fc31",
                            "ak103": "5defa42ad620ad9a593344bd0616efca",
                            "ak109": "96c6e23f63a0f7d34f69793c4fe7a05e",
                            "tar-21": "a683ffc0e7d919528e2b6fcf00c434a2",
                            "type 88": "521debaff832233082c8988d237b8921",
                            "type 58": "4d19ab5b95075c0ade2c03269cadd4d8",
                            "m231": "c737c2e1ab3c027761731cee383bb319",
                            "c7a2": "a64dbcfd7fa148b5e35e4377bfb68c99",
                            "stg-44": "bf0a0d8ddfcc4f74eb322e60e1dac0c0",
                            "g11k2": "e73c403e2acc566534548848238cf4ea",
                            "m41a": "d683f9eeba1eec135f2e7f4b37c13d38"
                        },
                        "brs": {
                            "m14": "aaa860a948eef6dd44da3647f8602e45",
                            "ecr": "6e1198245f77f3d0239c671d3a5e620f",
                            "scar-h": "73822c7f3754dcf609adb0db24fdd6d7",
                            "g3a3": "965aa9983436c1ae9db8eca9c41aeb27",
                            "ag-3": "3fd76a9c309eaaf5fa156b25856dc44d",
                            "hk417": "a2161c0b1e42eb7e0829b83c3f893f7d",
                            "henry": "63b90c7bf708f833ca2f8c568747eb7e",
                            "fal 50": "4bf96b79cc64f22f9d4fbf5d468edf50",
                            "hcar": "e58c65364f82bf293c488974cda82e10"
                        },
                        "carbines": {
                            "m4a1": "35d027e08fc4f66011efc5aa215edf7d",
                            "g36k": "b9e21999a84f260a2c3f11d36ecec8e4",
                            "m4": "35d027e08fc4f66011efc5aa215edf7d",
                            "l22": "a356fe1b30485755c08f8a022e2b8046",
                            "scar pdw": "695a0d9dbf3efc457a2a057479fcc07e",
                            "scar pdw 762": "73822c7f3754dcf609adb0db24fdd6d7",
                            "scar pdw 9mm": "95fe12467b808ea006d62a7666fa4c95",
                            "ak-12u": "a4115d956e46469abb2e59ce232ec386",
                            "ppk12": "7cf3ed120d6ba9a6bb5e3fa5f2aec8c7",
                            "groza-1": "73c95b365c8ee7087399d007105cf50e",
                            "groza-1 545": "f69935414556262d035126b84a00a9f1",
                            "groza-1 556": "45da664fbbe57bdc973e0cae5c9b32f8",
                            "ots-126": "b7157a16dcce56a8d8715531e17928fa",
                            "ak9": "6c195ae9056322e18a7d23752dfb9de4",
                            "honey badger": "18a6668af40b844e4433d077cbaa94ff",
                            "honey badger suppressorless": "63b59ec3cee007e3e37fd48423fbaf4f",
                            "k1a": "0cf22303011282724ccfba76d4c32021",
                            "max-iii": "81dc692fcc630e87f3cffbd9ef5e03cf",
                            "sr3m": "270163f4baf3f20ed7fddfe9c70218bc",
                            "sr3m vikhr": "dfae8217ebf900cdee45846373da60e0",
                            "groza-4": "1592f6c2dd5709ad36e2148e970f3739",
                            "mc51": "60e059030d04ae9d00b243dba319c718",
                            "mc51 integ": "c396aa4bbae94ad4980fabcde124e50f",
                            "fal 5063 para": "4bf96b79cc64f22f9d4fbf5d468edf50",
                            "1858 carbine": "da1d63d5b9bb0fff438eb4086d65d7b2",
                            "ak105": "dbe5901dd11237858d49d85660aa3ee9",
                            "ak107": "56f8e4698653f8f9d9468ea4ae17efba",
                            "jury": "f3a233eb6a66bbceb97f4dcf06c75420",
                            "kac ssr": "e1439ec25ce5a619b6a5213de3c4e5b8",
                            "gyrojet carbine": "cf9cecdae5c4be4d0ef7269078d568a9",
                            "c8a2": "d40d970b7a96c87b6ab22af3d6f534dc",
                            "x95r": "a683ffc0e7d919528e2b6fcf00c434a2",
                            "hk51b": "532f5ef0ab07c83d11cd4ea9ff35158d",
                            "mini fix": "912ed582b457c48da006ac0c32b93d96",
                            "can cannon": "b0fbcd4fdb34beba9419a35d6c46526c",
                            "juan carbine": "d61a60de1b50225945b8956be18b42ad"
                        },
                        "shotguns": {
                            "ksg 12": "4f8b8be3a12d8d2ec7edf551d0480112",
                            "model 870": "840a637bcf78d82ea1817980c7b4e034",
                            "ak12/76": "3b2aa1d28fe5610198f140d825c500cc",
                            "ak12/30-06": "b762a9a12a38f1f6325fd043232a69db",
                            "ks-23m": "0f64ac4ef4b81faeee8f458eaec77c15",
                            "saiga-12": "74a698d57c52eccbf251dbf8b3f753cc",
                            "saiga-223": "93cdc79e7699263dadc3ab1ce1bd6048",
                            "saiga-9": "7f5af463d552035d00c0dbf1744ed1bd",
                            "saiga-762": "6a18a0be11a91b89e44cb580890acd72",
                            "saiga-308": "7415ea5ea2409f5ac8924d4e461ceaa4",
                            "saiga-953": "290c653063df530dd0a110cce09b5764",
                            "saiga-50": "dff6f095809c7634cd5c2a4b9982a671",
                            "stevens db": "eff22f50f5009be21d7cc20829ca369c",
                            "e-gun": "f395684e679a6f6cc17da0bdf04ed865",
                            "e-gun pennies": "4277f847a310a9053d448faf1333c141",
                            "aa-12": "ecd8c8880632226ea02846c462f5d333",
                            "spas-12": "733ac57adf9dd65cd782ba0d14be55e3",
                            "dt11": "7a478a7f917f8cc6fc9d68234aa3b519",
                            "dt11 integ": "215470348bff137a79ea8cbf9229a584",
                            "usas-12": "8114a3fe42e9445603315681a7c463d6",
                            "golden shorty": "f03acd3aed22bfaff5ab1b4ab139da2c",
                            "ropod shotty": "6d364dd06160da6cbb16dc927fcf1b31"
                        },
                        "pdws": {
                            "mp5k": "1d2e09bacbbbacd0de8db314cfa32c42",
                            "ump45": "4159819a640ab9aaced94a9b58717152",
                            "g36c": "b9e21999a84f260a2c3f11d36ecec8e4",
                            "mp7": "9181697484e9ac91eeaf8ca62496e8e8",
                            "mp7 loudener": "ae710bc9d1f9c81525bc2edbbfafbaef",
                            "mac10": "11752d91006aabc1b9b089c632e9a008",
                            "p90": "9e24b7dd4c73ef71d0863afb9a8402e7",
                            "mp-9": "5de814688c5a19dd21ec8735efd19f3b",
                            "colt mars": "6be5f40d32a4f21c2ecb6f93d6fb0b18",
                            "mp5": "1d2e09bacbbbacd0de8db314cfa32c42",
                            "colt smg": "cc392c38be2e4ca625d11238085e4245",
                            "l2a3": "5648900e9efc2d8ea54877256b7ba734",
                            "mp5sd": "4b7469d33882872c0aa7b6f6e1fa7306",
                            "mp10": "4e4a026e1723d1c2ddf4392a2275b088",
                            "m3a1": "bcda61451ccd87eb8886e68ebd2746e4",
                            "mp5/10": "47db0a2b12ff885a9176e90532b6f281",
                            "uzi": "0b976ece01ec9b45871418de0917e803",
                            "aug a3 para": "feb10a78b7cfb4cb20562b595237de35",
                            "k7": "90975919813f0f1392656a545ceaad9e",
                            "k7 556": "b0a96e19bbba4857233ff8e7a172dc95",
                            "aks74u": "e83be71788dd509f6f47a319b70918c1",
                            "aks74u 9mm": "5a31bec3c75b1278bb9046d06c7cac66",
                            "akmsu": "b8a5ab558fc0b8e466748fb8223f543a",
                            "ppsh-41": "d435b05e97a75a45635dc48f8b211de7",
                            "fal para shorty": "4bf96b79cc64f22f9d4fbf5d468edf50",
                            "kriss vector": "63e25f4453b13aea8342e0b084b3f829",
                            "pp-19 bizon": "3fc50dbd905f15e9ccd7e05a38c79f92",
                            "mp40": "65621c9338c0b0bb72c9f5ac1c3c9e0e",
                            "x95 smg": "3fd9e62e9725e75699e2f4c4dd404f0c",
                            "tommy gun": "aa346bfe681f6b13e00d8e7e614a5cce",
                            "rama 1130": "6abe77ffe049a20dd4654292c66ac453",
                            "bwc9 a": "bb8e632e97cc9ff06ebda2bfb8b9f120",
                            "five-0": "8a85b4bff8597eebe7d25a5fb42be1df",
                            "ar-9": "c097e84035333cf3e497614acde9e0e9",
                            "four-t-5": "3fd970428da9704d79203e61384209c6",
                            "typewriter": "aa346bfe681f6b13e00d8e7e614a5cce",
                            "blockson": "d2b575a13ea346c423543e1c8a7936d2"
                        },
                        "dmrs": {
                            "mk11": "08575e8569b973facc2aa151d58924e4",
                            "mk11 500": "2fd2c9e5272cd1f559960e628fd6c00e",
                            "sks": "28f53fe80fcb03ffc769a8426310fd6e",
                            "sl-8": "b9e21999a84f260a2c3f11d36ecec8e4",
                            "svu": "d33681b446df7fc4e7e9d16b4036b3c7",
                            "vss": "31bf8f1b3ccf528b75670255b21cf9a6",
                            "vss 762": "270163f4baf3f20ed7fddfe9c70218bc",
                            "msg90": "dfe62dab22f76eca378359349b74a60c",
                            "m21": "d9077d40dab42b3987f7653e23f08326",
                            "tcr": "3e284a89ee6b8be771546d1083a8d18a",
                            "sa58": "4bf96b79cc64f22f9d4fbf5d468edf50",
                            "scar ssr": "6f9487707a6409d637f12b31fe991a7e",
                            "svk-12": "52c51cb7546267414971eb1adef30748",
                            "svk-12/12.7": "3ce6628bab9cbc51e9c27adadca93a83"
                        },
                        "lmgs": {
                            "colt lmg": "88fcf537ca11e98ea9f6ebdb5929bfd7",
                            "m60e6": "b6752c85817fabf9c204b93e7f050451",
                            "aug hbar": "feb10a78b7cfb4cb20562b595237de35",
                            "mg36": "b9e21999a84f260a2c3f11d36ecec8e4",
                            "rpk12": "ab5dbe6d83ae419019b3386544151cfc",
                            "l86 lsw": "caa3ca6a3d864b72c6788071449718be",
                            "ak-12br": "e4c264d9f0d7d3f916433c5da110798a",
                            "rpk": "58d65544f95e7a6dc159266c4c10a62e",
                            "hk21e": "023ea0a2bd651c9fc0a3331c7c586c4a",
                            "hamr": "0225f48765a68211fa0d3056e23b143d",
                            "hamr 9mm": "95fe12467b808ea006d62a7666fa4c95",
                            "rpk74": "a0b82173ea4179d9a1300343fffa9c9a",
                            "mg3kws": "b261ba6b0aa384ba252bf2733fdec68e",
                            "m1918a2": "ad31201b4565f565d6ccec3e1bdd1098",
                            "mgv-176": "3414acb94339a49813d5c90d3f5917e1",
                            "stoner 96": "06c3c208f74820d18030083e64e47250",
                            "chainsaw": "06c3c208f74820d18030083e64e47250",
                            "mg42": "ccd7108d8ee0e875a84f68ba9da4a9b0",
                            "diamond hk51b": "532f5ef0ab07c83d11cd4ea9ff35158d",
                            "juggun": "06c3c208f74820d18030083e64e47250",
                            "hornet": "3414acb94339a49813d5c90d3f5917e1"
                        },
                        "snipers": {
                            "intervention": "632f5c38bd614dae412e2d5b17714ce2",
                            "model 700": "620aa3764f76fc9427973aaa57388556",
                            "aws": "ae4f73bb091aca16ebb8fcdc846941c7",
                            "bfg 50": "160883329152d9abc5434a1b0982ec7d",
                            "awm": "be03d326605be8428f46ee8f566c1411",
                            "trg-42": "c1f443550e43ca38475a426f6b97b3bc",
                            "mosin": "9ad455eba2a68a2e3c736b2d552915a8",
                            "svds": "8cbdf3645a28e8d2607835e2ad465578",
                            "the fix": "113ba8f4fb7fee30381a4de3a05537fd",
                            "m1903": "b3da49a6f3d29e80097487c96a286bf5",
                            "m1903 maxim": "b8e6e87edd79d462be595ee6b90afa57",
                            "k14": "7a88319bb1b848a1688bb8ef56e70e11",
                            "hecate": "5099a4c2d1cb7558d084c3148250e5cd",
                            "ft300": "a9db01f545120ec70240d881ccdf8987",
                            "m107": "bec24846e0b8f767bad1e7bf470093ad",
                            "steyr scout": "7acb1e667091d807167e5d09fee37490",
                            "wa2000": "7e30b9ca30141a8b7b423aa152bb97da",
                            "ntw-20": "cd5656b20061988925ce2e5faf274150",
                            "railgun": "52f25d13dfc45710017fef78165f34a8"
                        },
                        "pistols": {
                            "g17": "d2b575a13ea346c423543e1c8a7936d2",
                            "m9": "912c8cc21a2bfff5a882e91a8695da9a",
                            "m1911": "c9883d97c569e2f206c441e9778798af",
                            "m17": "bb8e632e97cc9ff06ebda2bfb8b9f120",
                            "l5": "b4283fa3b9066efda83035666d23ae7d",
                            "g21": "9565b4b4dbb8507744caa12e45466599",
                            "g23": "0f0a5a1674265adf1e7f79bc192bdce4",
                            "m45a1": "0fb00aa7f196a26ff31b6e0f088bf0d7",
                            "g40": "28859c2497207bf4c22170638a0abb7b",
                            "kg-99": "5de814688c5a19dd21ec8735efd19f3b",
                            "g50": "29d21c6a319af85e851b10ee403beda6",
                            "five seven": "3e8ec4a22bd204c637ea93a4f8ac183c",
                            "zip 22": "3e8ec4a22bd204c637ea93a4f8ac183c",
                            "gi m1": "9ebc44df0f589329aa8f376f93b232bc",
                            "hardballer": "9ebc44df0f589329aa8f376f93b232bc",
                            "izhevsk pb": "ae5f79089d9595886bd24edec80b7515",
                            "makarov pm": "1fac5df79b4f8980b3faf9dcc0d1cb8e",
                            "gb-22": "c1ecd46dab580513edae582f9fbf77b5",
                            "xix": "579756faec59981c8a088cdc275ade82",
                            "automag": "dcbaa04357ff2a6841d843fd2196f29e",
                            "gyrojet mk1": "cf9cecdae5c4be4d0ef7269078d568a9",
                            "gsp": "f3e9478d3c20089967ca85a82ea04da2",
                            "grizzly": "1ed90bb26220ac6b2e324ddf8216c871",
                            "m2011": "0fb00aa7f196a26ff31b6e0f088bf0d7",
                            "alien": "d4d2e45c28417d7010c29ca64dd52c67",
                            "af2011": "c9883d97c569e2f206c441e9778798af",
                            "boxy buster": "b1e963157d570c9e03e75355cd2bb46f",
                            "golden gun": "d0d705da1cd26365e857fd0d9de53506",
                            "la rata": "c0c6b4dea684eef70dda83e9c5683061",
                            "juan": "d61a60de1b50225945b8956be18b42ad",
                            "m7644": "c9883d97c569e2f206c441e9778798af",
                            "toy m1911": "fc356c3eefc7b33d4ce084e120b646be"
                        },
                        "mps": {
                            "g18": "d2b575a13ea346c423543e1c8a7936d2",
                            "93r": "912c8cc21a2bfff5a882e91a8695da9a",
                            "pp-2000": "b7157a16dcce56a8d8715531e17928fa",
                            "tec-9": "5de814688c5a19dd21ec8735efd19f3b",
                            "micro uzi": "0b976ece01ec9b45871418de0917e803",
                            "skorpion": "5ec5137b924d4d8b775f85ca02f53bc2",
                            "asmi": "ea1e49e1ac19fe51cf7c57c27a7ce246",
                            "mp1911": "c9883d97c569e2f206c441e9778798af",
                            "arm pistol": "e5f527f12d9378c72bd2a3c9b3eae3e9",
                            "auto 9": "eae8d406f1dd890f29ecec206fa0f1f7"
                        },
                        "revolvers": {
                            "mp412 rex": "0617a78a2c76d5553f40b8d060f32e68",
                            "monarch": "5731696fe9e42647ff9f25e79ea3f1d4",
                            "mateba 6": "41233ba950c1115a1a04d8f3ac72e30a",
                            "mateba 6 454": "d4c95a060b17e2945f9c0fa1051a824a",
                            "1858 new army": "da1d63d5b9bb0fff438eb4086d65d7b2",
                            "redhawk 44": "1475794ef37c8760ce811e9653a9c090",
                            "judge": "f3a233eb6a66bbceb97f4dcf06c75420",
                            "executioner": "b5c7bfb4f2f2e8ad650ede1915fa4b6f",
                            "goldhawk": "8fbda182e0824c138c5dca37da040595"
                        },
                        "other": {
                            "serbu": "cb55cf48ca6d27b678d2b92d92dfb08b",
                            "sfg 50": "160883329152d9abc5434a1b0982ec7d",
                            "m79 thumper": "a7e91934890371310b892c53cc9216f2",
                            "coilgun": "f395684e679a6f6cc17da0bdf04ed865",
                            "coilgun pennies": "4277f847a310a9053d448faf1333c141",
                            "sawed off": "eff22f50f5009be21d7cc20829ca369c",
                            "saiga-12u": "74a698d57c52eccbf251dbf8b3f753cc",
                            "saiga-223u": "93cdc79e7699263dadc3ab1ce1bd6048",
                            "saiga-9u": "7f5af463d552035d00c0dbf1744ed1bd",
                            "saiga-762u": "6a18a0be11a91b89e44cb580890acd72",
                            "saiga-308u": "7415ea5ea2409f5ac8924d4e461ceaa4",
                            "saiga-953u": "290c653063df530dd0a110cce09b5764",
                            "saiga-50u": "dff6f095809c7634cd5c2a4b9982a671",
                            "obrez": "9ad455eba2a68a2e3c736b2d552915a8",
                            "sass 308": "cbe914973bc37bc746daa8f897ebe36c",
                            "thunder": "2f14eabec694cbd2fef5139d3085e6b3"
                        }
                    },
                    "old": {
                        "unstable build": {
                            "an94": "ef434b81946e6cc8ab423e5adedd64b1",
                            "aks74u": "6363b54f7abc85260775d7d958855b43",
                            "pp19 bizon": "457e37780c1292ba72541ed3e8a4b2e2",
                            "mg42": "ba6892ed7e880d7201d2c461ae282d37",
                            "stg44": "f5670e70a94c36d9262cdc696503579b",
                            "l85a2": "cdfd8ff32c2520b5bbe734b33bcc0e86",
                            "ak47": "39d03cfbda0a92796fe8cb2e2eb24b5d",
                            "type 88": "daf0974e10dc106a71485a3d45254bf9",
                            "mk11": "2c37ccb180ea899ad084845367d46a2c",
                            "ak74": "23f99f429bfa1cda4ecabf7494822e8c",
                            "akm": "778130ffa9611b37bf2bb31582aef9bb",
                            "ak103": "1772dda6cf500869d0ca28840e64ea3d",
                            "g11k2": "8f915812e2fdeda35e272cde7c3477b8",
                            "k14": "aa17a41afc19400187aeb56dc1e3b195",
                            "m231": "16b1a1b335f631da499f99c33ad53a56",
                            "ak12": "e847e7244dd8c7777ed85f03f7f3dc89",
                            "groza 1": "fae2fcfd36b733a5980de40228127b11",
                            "m21": "d9077d40dab42b3987f7653e23f08326",
                            "ft300": "9d03afbad7e986ffa66456403878ed01",
                            "m3a1": "70e9ec4992f56500995fc0e9e2011487",
                            "type 58": "9f3b2fab9459bbaa708503756c8c1bee",
                            "x95": "0eff4c96d9807e2cef2caa223b84cc1f"
                        },
                        "2022": {
                            "badger": "9604f62b6042d7a09086cb95471bda0f",
                            "ak105": "23f99f429bfa1cda4ecabf7494822e8c",
                            "p90": "fb2e3dc505ff0555925e761712a55ee3",
                            "k1a": "cff103e12b23a55c7b0aefc3de9b25e7",
                            "xix": "2ac38cfcee2ebc19ae67722e9466a158",
                            "ntw": "24cb3e46f23df97dab7fc04d7d89fc0f"
                        },
                        "2015": {
                            "ak12": "e5cd8f5f200987cfb873fb441ebd90c2",
                            "an94": "2d250faa7838c14e6ac0330946323c5c",
                            "as val": "069cdd79ad4b4dddcbf05d05912d8182",
                            "m16a4": "069cdd79ad4b4dddcbf05d05912d8182",
                            "m4": "069cdd79ad4b4dddcbf05d05912d8182",
                            "g36": "069cdd79ad4b4dddcbf05d05912d8182",
                            "g36c": "069cdd79ad4b4dddcbf05d05912d8182",
                            "mg36": "069cdd79ad4b4dddcbf05d05912d8182",
                            "p90": "069cdd79ad4b4dddcbf05d05912d8182",
                            "aug a1": "da86876038760555b9fbd308f499e471",
                            "bfg 50": "a51b626ea6b9c6accbb46528ca94b7ca",
                            "deagle": "fa29bcc394cf07248cd2b5fe0ec14ab9",
                            "rex": "fa29bcc394cf07248cd2b5fe0ec14ab9",
                            "svu": "52f25d13dfc45710017fef78165f34a8",
                            "famas": "2d250faa7838c14e6ac0330946323c5c",
                            "g17": "e6aa0994e2d935fa05394ee754a44637",
                            "g18": "e6aa0994e2d935fa05394ee754a44637",
                            "intervention": "e8ec995fa5aedf97e16240b0b4c58d9e",
                            "ksg 12": "c4a7953ea733bddd821bab6590afc787",
                            "remington 870": "c4a7953ea733bddd821bab6590afc787",
                            "l22": "a13aaedd080d6cd43568ecf9404894ed",
                            "l86 lsw": "a13aaedd080d6cd43568ecf9404894ed",
                            "m60": "9ae08097bae72e73e268f07f7ad430d7",
                            "m9": "3a198b2a2f9d6404c4f4fec8a19ae345",
                            "m93r": "3a198b2a2f9d6404c4f4fec8a19ae345",
                            "mk11": "eaf2285f74a99eb27f072cb08928ff1a",
                            "mp5k": "c3d8158e569a92dbcb4c5ac80c55ff9c",
                            "mp7": "83265e5b2fc5e26958c1ff2f01bdcb03",
                            "remington 700": "ab07d074f5be9519505e529ddb747f4d",
                            "scar": "ab157bdccaf6ac0ff7d25cf8ad9bda56",
                            "sks": "5cda6fc44786848b1bbba11c0d8d6c03",
                            "tec 9": "2a5b6bcbb364e750199263960fcd068d",
                            "ump 45": "f9dfc468afb920c4a94b2664a9bf78f2",
                            "m231": "069cdd79ad4b4dddcbf05d05912d8182",
                            "colt smg": "069cdd79ad4b4dddcbf05d05912d8182",
                            "spezi m231": "3a4b5acaac0c6d9b2fcf2c1c7acfb026",
                            "spezi m16a4": "d52289ab89ef2a008e8f2a81773ad178",
                            "spezi famas": "662a18192ab8e13ec6691b788dacd41e"
                        }
                    },
                    "scrapped": {
                        "m9": "58c2554fc8a44da7aaca0bead62538ec",
                        "dbv30-06": "6ed3565ebfe1f23881b3d64639567e11",
                        "g3a3": "aff6e59ad3a2ad6c99d64ee7c3be1d3c",
                        "luty": "5fa1c9eb072920248c373f62e98dfad2",
                        "db 510": "d6d9a2fff035c680f9f088e6e92ffbf3",
                        "hcar": "d808665e945cf04f88e05dc81bef1a81",
                        "m1903 pedersen": "0e1d47daf626e6e317da0d4b48fbfc74",
                        "ots": "e49cb2e82173713185388af6a5734589",
                        "sa80 22lr": "91df7f8327d86b8ed41c50847f54afce",
                        "ppsh": "1fe9422b2cc4249b1806e1360274adc3",
                        "saiga 223": "9907df66c32a690caec467ed1651fee8",
                        "scar ssr": "57e59327c86528888a99b3936a18c197",
                        "stoner": "6dabe4ca705d91eff19842482a6d5cd7",
                        "m2011": "c4be5798262f8e4c9c6378c283b9cb7c",
                        "m870": "5915195cd83e8aa7d0e593a37a710135",
                        "scar h pdw": "4906ecf0ed6d4c3d60d2f9696bcbd9ae",
                        "xm556": "2a429f6fff108f25d0a69dcbc8cc2baf",
                        "vigneron": "2de5c8a7e3a74cb646c69e8673b7b8ed",
                        "ntw": "9af80c8641d900b0270ae930645af106",
                        "mg42": "d9e58e4b957891dce1c38950cdd1e01c",
                        "m60": "516211113baec2690fded97a900c521a"
                    },
                    "cor": {
                        "ptrs": "2d6e9e7f56bca61515f0528632794344"
                    },
                    "mw2": {
                        "inter": "841850b8cbb5eb5990bb737a22de230e",
                        "m82": "88387e83846d794740888b6afd3ee1f6",
                        "wa2k": "582e9efa33370b5a4e989fc176aca31e",
                        "r700": "3525671ef653bc449088340e3f8873a1",
                        "svds": "c8e48c110adbcc8c38c552aa4f61eb6c",
                        "stryker": "4479cb4a3bf49198e58a035decd51c46",
                        "g36": "f4caa429d2d80c409ab7af1f98c095f0",
                        "ump45": "bd4934bde4f3aead621bad9a08b8ec14",
                        "usp45": "4fd34e24510a47e1e26f10709ad691ac",
                        "win12000": "d2812514ae3056f5dcf8161a84e44c67",
                        "kriss": "da13f1e90bdd476d0b79b382ed742817",
                        "revolver": "91fba36e8d39c944febc46eb4c14474a",
                        "rpd": "80648b63931887c5f4bb634835f181fd",
                        "aa12": "2e7d8e956372ce7ab0e1beb6a33adcfd",
                        "ak47": "64c0be7cb0b212f14d7713e9605228ae",
                        "ak74": "b8773b82087833e7bedbec8dc56fbbe0",
                        "aug": "6cf5d804222b9bd1396444c87574e91a",
                        "beretta": "a5c85ee2bb267af38cf46f4163ab721b",
                        "deagle": "7f1e804345e9e905340a3fd56cb411c4",
                        "famas": "09740d40db6e17eb405b44db9fb23d25",
                        "fn2000": "38466d0d6a2cbbb19955005f4c7aea84",
                        "fnfal": "c4e05f05e545db3c5bd1654053996abf",
                        "g3": "fca0cc25b488e2034a53f3277997793c",
                        "glock": "3134482946cbd62418fc00c6edb18ec7",
                        "m4": "16207e3439051e26a0c1cd0a88cad06a",
                        "m4 v2": "ce35073aea59bf725655cabdc0ef10be",
                        "m14": "868f1de7fd1467a30aeceae14798ff2e",
                        "m60": "6361b8cd5dbb5882c160bfe271ebcc5f",
                        "m79": "1d3c211ad0f2a98a55355532e5d5baa1",
                        "m1014": "a03869fce399a6c0c10dd508babf28c6",
                        "magpul": "fb8f174b948c20eac0de999c45f4ca67",
                        "mp5": "11ba7a3b1f3d6bb7f467f909062f71a4",
                        "p90": "fb2e3dc505ff0555925e761712a55ee3",
                        "pp2000": "c985782cd9f1e09a5f74080e6ea26751",
                        "sa80": "482c0ed7dde7d2d8d0d1ef01cce4f8e1",
                        "sawshotgun": "e37a465044347e8fac1dcb027471ed7f",
                        "scar": "54413a92cd52c472fa448d6b93196256",
                        "skorpion": "27f7cdfc7532c0d0a1adc4e5ceb04922",
                        "tavor": "1c30582686dc2ec0d580b39ccd9f98cd"
                    },
                    "mw3": {
                        "revolver": "8fdb7c6bd88bb23c1ccea7c48b54ead5",
                        "msr": "86bf86acfdc004db6f07cfa3ba059fcb",
                        "l96a1": "33231b0371fb73dfd8486676c139038c",
                        "fmg9": "260c27baf1843d9c28dba8815d1f881f",
                        "cm901": "ff1b54033625f71346af4dd897d035f7",
                        "barrett": "81a906cca431bc68571d84db066c8294",
                        "aw50": "1ea7b351082f992d22b205af3f82c424",
                        "ak47": "e823b7338eb13edeb069e2aa35c3d4f6",
                        "fn57": "d6bc400efbec2bfec07c9aae725dc2a2",
                        "m16": "8982eed2f45f34fb3644404b3fb3af6b",
                        "m4": "e41c79894cdce83d2375bf40ba6c05b5",
                        "g36": "b91adf92d5156f788833cfe4cb549643",
                        "m60": "ae83140fe25f203a55f7cc006b1de25a",
                        "mp412 rex": "3a5d862a14426fda7c23011b6b1593ba",
                        "scar": "fb408ead1ccd0382ef47b5d06fa1b1c2",
                        "mp7": "f2f22ea6c5baddee49ce48ad6f3874c2",
                        "m14": "dfb1a845bf9d13a25fb5e6f3260df6f8",
                        "aa12": "0782a118e1e0fa4fd081abd020be87d8",
                        "ksg 12": "104eee42cf3b0d40b97b669c1251ed79",
                        "m1014": "e3127367f34eee2bddffb781d6e58b14",
                        "model 1889": "36e23e6f189d128d3afd0e35a61b4ba1",
                        "stryker": "763e4f8819e4bee0524bbf7edc923336",
                        "mg36": "c8f34ff669250e9285e19dd7cf1b6f94",
                        "mp5": "10ab4fe6db63177208dba80d8c7f84c5",
                        "ak47u": "d782faf0f738aa42fc778765ad5aa165",
                        "p99": "ca309e5ad5a850c89ccab188f268bfff",
                        "pecheneg": "74b6a0d8d5682b2bba5086b88b659085",
                        "ump45": "0be45a3b544532be36046a59ad35d2f2",
                        "m249": "bb3ad74009b840563db4b3db8fe8a00e"
                    },
                    "mwiii": {
                        "static-hv": "fd53365b6e281548c5a63d2a9a3e9162",
                        "superi 46": "760d4d6e65ef3589d4b6a0cca331d0fa"
                    },
                    "bo1": {
                        "m60": "e10fa5ec18b2301055b34415ece23a44",
                        "hk21": "1a176545f78a2305c125a83fdf510ef8",
                        "stoner": "b4e7a3a0d8363a7910c2cc1b79596d44",
                        "m16": "166f8f9381d2e051f07b29bbb203a86d",
                        "aug": "5d80349cfe15c2fb925dd2f579a91dff",
                        "famas": "b8bf5ff4c7a03fa7950631c0cbd6e4a6",
                        "l96a1": "76e6f31055ed438e9c98090dbbb577f8",
                        "dragunov": "6ec1066b5b7dd55c49ec4837ee9e64f4",
                        "msg90": "c785f1fa3585c2146b75c2beab1341d7",
                        "wa2000": "4aa7de10e52e16d968263dbd2c8ee955",
                        "sgmix": "a378372f1e33d7529f9339df2d5b23f9",
                        "mp5k": "9a93305a8920d036a62a7b1355d87fbf",
                        "rpk": "060bd0a080b3d4699f5a205f0de9d036",
                        "ak47": "c99155fcaa3840f7a2900daba237ef63",
                        "ak74": "816b5ca5cce0491ebd15730c37fad2a3",
                        "galil": "0227451dd753726f95e330780b7872cf",
                        "colt python": "cab30979a55a72e4ad4dfb6ff5b6854a"
                    },
                    "bo2": {
                        "dsr": "44a7d2043d615f35eb4b19318b0b7eeb",
                        "ballista": "382d35a7fea44db256cfd3f331fbf4d6",
                        "ballista silenced": "d2e48e2b9ce4d454dabc4731c67c27f9",
                        "xpr 50": "4ef46a2d020a8494a0fcbeecd5d2168d",
                        "tommy gun": "af3ce7eff622b7343d7c2f7a288e5b8d",
                        "vector k10": "e553e5af299abd52f6593cd81a76d98e",
                        "tac45": "4c369e1dc7915f66b6e5b13989b6dc33",
                        "smr": "205b41376dde0d350ec145a98d5981d9",
                        "swat 556": "b07942dc0b851c824ff5539f6aa9b2ec",
                        "svu": "074efc559afd27cd4f5d8a3c4a45329b",
                        "type 25": "affb1c96710b51bbc0092c6d82902082",
                        "skorpion evo": "a3664fbb5c2e4964c5e0b50c80d04801",
                        "sa58": "50cccbca21babab1cbc3745adb5b2093",
                        "raygun": "0ecaf686d08032b5a8c155e26a08dfe2",
                        "scar h": "061802d344bc0f28076522eb575fc841",
                        "r870 mcs": "fbb04e50c17d9b25ed8e0ca476056488",
                        "qbb lsw": "9705d4002b23ae1888c89d2c7d964fcf",
                        "new model army": "3aac4697cdbe5c6cd9790151ae69fb75",
                        "peacekeeper": "cfeb5e6300190baacd831e64ffb2b8b3",
                        "pdw 57": "d08d8b545c0b4a161af2ac63cba0e514",
                        "pack a punch shot": "7ea66a132e4de3cd09c202dd07c6ced9",
                        "msmc": "a3defad44870b2535bce9febda7451cd",
                        "mtar": "4028d369522d573b5ba774d34570d546",
                        "mp40": "19ba0f05ac2e67922449eba6972b19ad",
                        "mp7": "7709314180d0c9a17ed220d7c7d855cd",
                        "mk48": "b16816ecabf8a2aeaea9406ceed26332",
                        "mg08": "ccdd065b8f022428748b9c97dcf7fb29",
                        "m1216": "52cbd42318aa3b8f248139b25d9c489b",
                        "mauser c96": "b449523bea154a1454e22a34310cef2e",
                        "m8a1": "2840c05ae16d01f21c6fa8a6fbb858c5",
                        "m27": "444b020747fa59389333d8d28864629a",
                        "m27 silenced": "a3edfe121095141f70aa45dd2408c0f8",
                        "lsat": "81380405e25a008b386d9dd515b19bcc",
                        "lsat silenced": "90010f3f3a9587545cf87ee09f501848",
                        "ksg": "e01766294f09fe201cf498be141fb4aa",
                        "kap 40": "f2b65791d70baf0fa99da0e43357b45a",
                        "five seven": "93e0d5dcaf2e6f4ee917eace42dd744e",
                        "five seven silenced": "8182da71e3ef036cbf03496e8425e165",
                        "hamr": "c14c1ef818d1f42e8fafc3bba1b57230",
                        "executioner": "b3a02860b7545bc84788d59796d68497",
                        "crossbow": "68a62046239d478b11c7e17c45907a2d",
                        "chicom cqb": "2d09a3edbd46f870afec1f6f9cffc865",
                        "blundergat": "b6796ecbbeec7c344ee1aa11cd24d9e4",
                        "b23r": "e35a15305cde514ce1700e06d78c4469",
                        "an94": "2fa4c4b59a4d6a4e0f08643ea3af28b3",
                        "357": "101fa31aaff3b40ca0372b1c382a1610",
                        "saiga silenced": "0d2f5d452538be8172aaf11aa43678ca"
                    },
                    "bo3": {
                        "svg": "6f9b4389b986491f9cc29465272cc77f",
                        "locus": "53711294c777df908a418b2faf1f53ec",
                        "kuda": "cb6175cdb93dd331a506d1ba8ebe745c",
                        "gorgon": "9048fd58dc29f97e34b6991312034f22",
                        "drakon": "cc185b884b93beab899a13989292bb10",
                        "dingo": "53fc851e2a9123ed43475f5716f2188b",
                        "kvk 99m": "ab8f35c50574ea24008c9e6774754058",
                        "tempest": "313466c1cea16924bfdb0ea61ddf987a",
                        "diy 11 renovator": "815982d7db6429525dc10904939732be",
                        "kn-44": "1108c065f568896fe9fa311837b4dc48",
                        "vmp": "7a6303f2100f549775b2d54b72ef0d8e",
                        "hvk-30": "3cf009a81015f5c8f2f06c19bb377ebf",
                        "weevil": "7aced76edebb093dc667b419f571db2e",
                        "ffar": "805bcb880eccb2e35545c16235291ca4",
                        "m16": "7d5fb40d68b28f6981f7708981cae28f",
                        "hg40": "24cee4455c2a402d3425c0014c03b8c4",
                        "xmc": "7600ab327325f06b824105fa1bb232d7",
                        "xr-2": "147674577a90e09d5573f138aadf234b"
                    },
                    "ghosts": {
                        "honey badger": "d2eeb0bf970857c891076c86b19cc0ca",
                        "k7": "f1fa42b9a8959dc93c8ead2134e10119",
                        "usr": "208aab6be07ec27a560a141685fc4d7a",
                        "gm6": "288241bbdc8253ce86e1961df7749b2e",
                        "vector": "57b55e0bab2b30e751781916f0bd6212",
                        "tar": "84466670d18bb6f30a726d220e3a7281",
                        ".44 magnum": "b77cfe9e020f50550008f34322176832",
                        "ak12": "d4a2678222c46e4a3a375d525a5c1214",
                        "chainsaw": "422931288ef1a7bf8334ae52bd8d1b11",
                        "m37 iar": "610ee49df7efd7e9f4049100747f2539",
                        "mr-28": "208ef24bcdd452f45e4c1d37e5530452",
                        "remington 5": "54d0d4b50ca3da6801fbaebbc976beb5",
                        "sc-2010": "5e9fed130e55a9a00cbbe521fe713489",
                        "vepr": "f0c514944fc49c82fdc6c2723f60fbed"
                    },
                    "waw": {
                        "stg44": "94484ad32d576acabf865a4254f005e1",
                        "stg44 suppressed": "c49498afd8a261d52af0b5ea9d368bd5",
                        "bar": "472c83e218327507ce1fd4f07a6a625a",
                        "db": "a9c4c1e4eef780b72010a19664c1e672",
                        "mg42": "899d25f2377d79b9dd6a29928574d7a5",
                        "mp40": "29c12f47dce5bffea90997bdf3e1b363",
                        "ppsh": "34fdfc7ebabc3619b677282fbaff1e70",
                        "thompson": "9c6b8a19b92c78541e51f1caf2ab42a2",
                        "garand": "15d61093afd20e222791774c09d02a78",
                        "g43 suppressed": "94d4a44de1f7123a2d5a1728d6c95de6",
                        "springfield": "3c32b9fd3e8228b68033b85f7462e67f",
                        "kar98k": "b0b80068afc10c43f1baa7bfe47dfe2f",
                        "mosin": "7f3e4e743ed7ee3662ffa163f2b94974",
                        "ptrs 41": "c48ed3ba82c356426a1c68a5aaca8a86",
                        "m1911": "3ada33d2bb0488a6693d03ac955c4a31",
                        "357": "e68c27896a5c7a0d5f3cbc115653d7e9",
                        "raygun": "52248a93493c7debb5ea47fde801d905"
                    },
                    "aw": {
                        "ae4": "27b4d866e15c83c7f12676ebe0af80ff",
                        "ak12": "c6fa9da4e22232e9cbc7bfcf85e769e4",
                        "epm3": "34947158c1f00294179f9e884149dcd6",
                        "mors": "1cc10ed047fc804e3f1ca83c03efb515",
                        "ohm": "794e3bd15cd965f9fbdae3e2faf9b9ab",
                        "repulsor": "6d40d25073cc7702d868ca461b23e3ba",
                        "tac-19": "18089e3ea8bddb06dff23c3f89f2547b",
                        "asm1": "9bd52125860001624995f70e0a0ad2ba"
                    },
                    "cs new": {
                        "ak47": "ab1f6064687ac5e207389af752478c43",
                        "aug": "6251947899319c142ef399a28d1192e2",
                        "awp": "9e5fe45f7277f086b00166b050561c58",
                        "bizon": "0aec79863cbbedc1f97e99f25fb3c368",
                        "deagle": "182c722ca44018f169a0c50ad04d6925",
                        "famas": "d5402c2faf69335fafbd78bf1a6510c7",
                        "fiveseven": "f05bc27f0c00b9c4c0b8b57eaec56eb4",
                        "m4a1-s": "3432465a71630db27a25464d4641e84d",
                        "scout": "7d8a14fbe35b655ece3a2d9c7d9c476c",
                        "p90": "a01810032d0d682fe3414a5d9b71aac9",
                        "m4a4": "b28a65570f32caed6a4345bd0ed4377a",
                        "p250": "fb087e29fc9e59cf2cd9bafc277f4884",
                        "mp5sd": "2d3a96111a82e96eb3fc930822b2b71f",
                        "mac-10": "0c819253bf3a71352689ebb3d5ac0a49",
                        "ump-45": "cd74f87345dd2506c60cb87f9aac6eb7",
                        "glock": "98b9455b9c74722100a3d0be1ba0a80f",
                        "r8": "8f964032a85f8399e3590193254f0691"
                    },
                    "cs old": {
                        "ak47": "29374d4a3a5b5128ac210c87c3e16b2f",
                        "aug": "e47be4ddc5144bd4ceafe8261af0b428",
                        "awp": "5863c020cb40fc791dbec833d4cde992",
                        "bizon": "6aba870aeac2e7c1aca0706b37db7b45",
                        "deagle": "2a630845f8487b20ac30725e561ad23b",
                        "famas": "28c95287aca0f2b07ca06ecdc6c35a75",
                        "fiveseven": "293b794b25f7cc1d11b45a2444861591",
                        "m4a1 silenced": "e96d316793c5ec3059dbda107e1c9974",
                        "m4a1 unsilenced": "3701121cb81bbef3053185caa8fc36ce",
                        "scout": "00f849280a14ba5500f0952b4f82e29c",
                        "p90": "3f88de2a691f25eaa8a81dff33a2b7ae",
                        "glock": "a3a55fa6b9d87d33ceeb7a838524330a",
                        "usp-s unsilenced": "7ed159cda41eb653697b4db48b438b24",
                        "negev": "d157376bae519e425f34e31b2f46b9e2",
                        "mp7": "91f437a160b2f90244dfcccf75a5a37c",
                        "nova": "3d8e95d2a1ef0952bb2079803c14e453",
                        "g3sg": "c85fb6970891f54e038ddbc19ac2df7c",
                        "mac-10": "8e292fb5fbbaa6a20abfad6ae28cfe98",
                        "scar20": "36977fda2eda51b066a5e77ad00a6c81",
                        "ump-45": "1db039b252a4fec529e13700b82f73c6",
                        "tec-9": "37605a19def3af546a2ec9054442b9d0"
                    },
                    "cs 1.6": {
                        "scout": "f5220cbf6e9a0e6cc64b660c111be065",
                        "ump45": "091674a2eab6c2976dc908310913f9b3",
                        "m4a1 silenced": "cf35e14d1c899edf93a48ff3ad3f8a62",
                        "m4a1 unsilenced": "572509171890c5d0280e82a84ac410b9",
                        "awp": "0f2bbbe8e45444eaf711d655b5c58154",
                        "famas": "b86fdc8966630e07d4d2a880d3b5c073",
                        "ak47": "dd5f7de767d999f02b219d701e7539b5",
                        "deagle": "9a8fc4c6b2c4379850964c46a76ea575"
                    },
                    "halo": {
                        "h2 br": "58f3ba79d09429d6d5d3304bc26e08bc",
                        "reach dmr": "92acd5b5d8f28f96e0de0ca553758022",
                        "h3 sniper": "8c0be6f7ec28bca0a3282db1f19c434a",
                        "ce magnum": "e3b3f20e6c80eef4fc8bc3e892fbecfc",
                        "h3 ar": "f3ac4aab11763bf3e06092d5dcf9a699"
                    },
                    "r6": {
                        "lfp586": "14d833216f1567921c98629c66f55b81",
                        "rp-46": "f50ae4a2a69e4883a99e522aa58f767a",
                        "m120 crem": "42b727fb752667f3c49687bd79d9824f",
                        "stim pistol": "139044fa165c9a144bd7b96f2df1b741",
                        "6p41": "2cd6c9430abb01cb4954f492d884e969",
                        "m590a1": "fcb05370336a9aadb15d41e2d8ee8523",
                        "sg-cqb": "d609bff9769108b364828f2de5a5f6a6",
                        "m870": "03ff133511c9c6f8ba238a6b3742cc05",
                        "417": "c35059bb105c210daeb1de24c480a8a8",
                        "ots-03": "2f8f06cba8d33f1eee0177e302356e4a",
                        "sasg-12": "499cc7a2933af0fb48bb5993788ddba7",
                        "m1014": "68ea90bf786eeaded65bb1fd57ef89a4",
                        "ar33": "28a8a14e2a89510eea7f1b6187f97842",
                        "aug a2": "c4e9a3596ea9c2859930e95e58b2e92e",
                        "l85a2": "c279c77faefcc27f70487488e08de25e",
                        "556xi": "15f683085424a0f5985109fe09b16899",
                        "f2": "8707972ef56039d12dd515c1e3e4cfd1",
                        "552 commando": "7f11164f5e9496a0053ef6d301429c3d",
                        "ak12": "4a76532fe41e22e30b920194152ed9de",
                        "r4-c": "c306e0d087f5b15edfe76c032a3ffe19",
                        "416-c carbine": "fe63ff0281de4bd52dcf128d56286911",
                        "g36c": "21a480d6e6d986301889fef4f3b5ea16",
                        "fmg-9": "ea3609f3ba3d86fb8fc62329d07b9f7b",
                        "ump45": "fda0bb1c774d774322f053122a6e0771",
                        "mp5": "ea3c96613ba77159d84d26691d1f6a52",
                        "p90": "c10149ea57be0a917cf6976ee4170737",
                        "smg-11": "d048d6400a67445c549b687b1cd17dd3",
                        "mp7": "4c8402d3822e9e896eaad514d4b8d3a7",
                        "9x19vsn": "157c444d73da6b2ed0da29ac6d55efb8",
                        "mp5k": "e2afa604713e046022df01c0d027dba3",
                        "m45 meusoc": "243c85abb20287c83a30c8b0683ca8cd",
                        "p9": "a841c665712df0a651cf079ab392e158",
                        "p226 mk 25": "3b8519e94dd019ae93da368e397b7ce4",
                        "5.7 usg": "adabdf6f99e00aaa9afbfd222054ba8e",
                        "pmm": "7d51103e7f1387647101c169bda5d86e",
                        "gsh-18": "bafe601101792ec57eb8da8c5dd84a70",
                        "p12": "d36670cf8deef0c6c0ff1cec4a8658cd"
                    },
                    "tarkov": {
                        "vss": "6eb64434cd96557f479f3b6415a22e56",
                        "vss (bad cut)": "0cab76e9382acf7767c5073a66993ebc",
                        "akm": "798f241a87ffc6bc45e2dc2c11cb0a5b"
                    },
                    "insurgency": {
                        "ak47": "0e3453be632e15fadb1a0685e30e2c08",
                        "aks74u": "39250de31a263f3de0d6a28bf6f41a34",
                        "ak74": "e994c5fa619ab1a49f7ab31789d1781a",
                        "flaregun": "59a1e6f361dc02435168f5360b0ea64a",
                        "galil": "b1d46483b4f2677c566c258b3833d2bb",
                        "fn fal": "7de6523a13435b3323c21a90a98a187a",
                        "gp30": "e4fe88c9f779ecd3e87ef269903a7332",
                        "m1a1": "f11a5107eaaf1dd07c41daaf68a9f6db",
                        "m9": "4d7a12b40a1fb580d87a613eb65057b8",
                        "m4a1": "8061bdfccb69b895c41403eb33658ddd",
                        "m16a4": "86722ce7aa52e173afae2478d50034a4",
                        "m14": "1db0995a9088201c4f7a6b11dbbeeec9",
                        "m45": "c98e6c76985be1eb2f21a0bcbafaa91e",
                        "m40a1": "64a3398b0d75b1d406c7d0154cd65130",
                        "m590": "bf9ab8963fee1a5c776cb6d1eb7ad9c6",
                        "m249": "f01ce54fb757576fe0db781f96d11762",
                        "makarov": "95664f30b3d70ae8a6291f8357643bc5",
                        "m1911": "4e92a49649e2bd4785cb1d4c4681f732",
                        "mk18": "b7a2703bcfee11410b59f3e8b5527c7c",
                        "mini14": "53f396f440b49aeee45a25d1558e2186",
                        "mp5k": "1fa37112f98a66d220d67322fa1ef3c6",
                        "mosin": "e13a0117934b666b2c91ad23770ce457",
                        "mp40": "d96c789347ae98d437512732115b9b4e",
                        "rpk": "a8e7673e0021ed1ec1bc094a0f53edf8",
                        "revolver": "0e433e315d48bbfe28844a8665dd89f0",
                        "sterling": "589187bf611293b20f6b029277ee5a5e",
                        "sks": "160917ae9e353cfc228be9e1c79a8624",
                        "ump45": "f1e311b06a5fcc2fee1ad65520786235",
                        "toz": "8fbc2d2177081cbac83ef67d820c3970"
                    },
                    "pubg": {
                        "winch 1894": "06a9390826a21a9d86bce3aa8a3e4f33"
                    },
                    "hl of": {
                        "m40a1": "91d42465a70384c75c7fc6e6bd116e5a",
                        "deagle": "5ef86eaf58d9759879a00ce06ab724bf"
                    },
                    "hl2": {
                        "smg": "f01ee3c4bef1a4f5ee9bfc056ae03678",
                        "shotgun 1": "cf0825356ce6ab96e0ab896772befeb2",
                        "shotgun 2": "a5f3bfbebd60ee67cda595e2b15d0ccb",
                        "shotgun burst": "692c9cad16eaa98cf2fa47047a88cbaa",
                        "pistol": "cbf0cf37278b713d69a1224d87764b4e",
                        "crossbow": "0b4e5690dc47054b7fbe1253e514b4e3",
                        "ar": "37190ca5952db9fe7c0eae8d2c719423",
                        "ar alt": "842dbb77b99c084b1549b6e2a453cd2b",
                        "revolver": "f813bb288c2520d353f25f16d25415e6"
                    },
                    "fortnite": {
                        "pump shotgun": "d1555ec8aaab2d1136f43780f11aae2b",
                        "spas": "7bc97219d0a8f8fff54a1484e24c4b17",
                        "bolt action": "7c3d2cfcfa74d8d281ea69dc173b751e",
                        "heavy sniper": "9b1ae08895a176eae91d077a8ac197a6",
                        "hunting rifle": "1a991fe1b538ec212d4a4ac0dbb8441d"
                    },
                    "tf2": {
                        "shooting star": "9a624ad8d45c02cc5ef977c2c52de6e7",
                        "winger": "10351de31574837f15af2a8aa49eacaa",
                        "short stop": "b48c4fd74cc3de8cede534d86dff8d15",
                        "man melter": "0804369df2f108d38a389aebcae1db9d",
                        "sniper": "675343825fa3cbf8db2d28b41729aef0",
                        "shotgun": "2c03a3e4ce22d1d3a8b2ba4c1a78b6d3",
                        "scattergun": "f42f555360ebab4612e2f087e82799e3",
                        "pistol": "cc62f1abec8c1efba0987b9546c50c8d",
                        "reserve shooter": "d927fdd05393d3f93863b3f880c0b105",
                        "l'etranger": "b410026195fed36da8898e24e205853c",
                        "force a nature": "c3d3dc71b909f46c9ae90dbfb5f8f12a",
                        "grenade launcher": "6944031c204b67389bec9c4fadd96485",
                        "family business": "d486a6bf9483dcac0546bce70a104127",
                        "diamondback": "fb3d94e46dd04c7bb3018ff3b2dbd2b8",
                        "enforcer": "b91f982d56b0c2158e716564d5339f5d",
                        "bazaar bargain": "a9af2436322648b37b10fb4ac30c8421",
                        "ambassador": "6ccf37bf38e3e23640ecefd69e2acd84",
                        "widowmaker": "1eee46a86b9d19af480db34e088b8449",
                        "smg": "27597069d4f927b71f9da47c8e4d9c28",
                        "soda popper": "ad624bd50bcb8c4e5d8a32405dae7d38",
                        "frontier justice": "8c93c127a35cf3ed51b132d7c554adfb",
                        "righteous bison": "63819c856c3c73ab1357440580267fcd",
                        "tomislav": "dd818511acabaa9be13cd68952100790",
                        "capper": "d6590a3ef22be160a8d5fae9bef8ead0"
                    },
                    "bf4": {
                        "aek 971": "1554ad8e491d3d319885e6bce5782281",
                        "aek 971 sil": "e0539969fbce361cabcfe4f9422262db"
                    },
                    "ror2": {
                        "railgunner cryocharge": "cb80797bd8bd42e8f4a0a663ea5a34aa",
                        "railgunner supercharge": "a8873a9554a8fed68d055c4a1ca2fafe"
                    },
                    "sgwc2": {
                        "ak12 sil": "c1b4d305449a4be856bb1db4806a07e4",
                        "ak102 sil": "af49080cbd2eefb5552227474c303014",
                        "cp33 sil": "8d1f25ccfdc09ca32ee9f426495d476e",
                        "deagle sil": "8f74cbb0a883f11751386f95c0bcb0ff",
                        "dvl-10 m1": "4efe31101b48fe6a56d9041540aa4337",
                        "js 762 sil": "aa6f616533791023da744033f33f52fd",
                        "m107a1": "902991b0ab5f17900f76bc5df83f5ae7",
                        "remington r5 sil": "922acf0ad23fade045afa8926c9e04ad",
                        "taurus tracker 44": "d254828ee5624580a9c7e8c14fb8ba11",
                        "vss": "3edeadf5a0359b31a33a9025ab0d8688"
                    },
                    "valorant": {
                        "vandal": "d39d8877d34b9ae752b4ebf38e6b0565",
                        "shorty": "08ec55b2a5179bea43f84acc9828b6dd",
                        "stinger": "8eefc2ad283a1e34d64a4a849b60b74f",
                        "spectre": "c460b80fb62b644e07a8fc39583013a8",
                        "sheriff": "f437abd0c34d61d3e8ff764c0fabc4ba",
                        "phantom": "46d5e8b96fcfde250d650fd9825e99f8",
                        "operator": "5c970a159b57301273a2396981cf4a31",
                        "marshal": "c9fe4a153b0f89d4bfdbf2ea62012655",
                        "judge": "fbf398bcaa8dc00d377acc2ab626795b",
                        "guardian": "54d20e5e685dbed61500ff77e20fbaf0",
                        "ghost": "19899e3cc48261af99ddf12eb0ffa02c",
                        "frenzy": "b2d3115bc150c5cf5fef0944020264f4",
                        "classic": "ee83908ca715516f0d3f9e6aff4f6de3",
                        "bulldog": "7e37166b2827a3411720acc411876ba7",
                        "bucky": "b3b1745c6a1cc1ea2221ffc0b7266d1e"
                    },
                    "custom": {
                        "pew": "7eac4541692ca64abc5485b4875b237c",
                        "laser": "ad20c7ec88aeeaa36c6b7147e9a38ae9",
                        "slingshot": "c6f5b936f5d2bafdd7e981ac22e0b8f2",
                        "vine boom": "1871d8d39f507208a36f7347deaa1603",
                        "cave sound 1": "eae3978b00e0554c92da55c1d7eba3b1",
                        "cave sound 2": "61077cd868d8c2781aff4543e203e77c",
                        "cave sound 3": "e6885a699666b49389835dea04920b40",
                        "pooits": "cb6531bd18b1f91456eaa6cc3c835100",
                        "frying pan": "f8ef35c1e20d1021080757b0918d545e",
                        "pow!": "b8eff5a196d28502ee559d3fd52add68",
                        "ded": "249079b87abdfafdbd37ece2b710aa37",
                        "nope.avi": "0125dceb59f83321b978da1ffa56c801",
                        "right behind you": "06b9b0cb535ad72827ca5fe510ebefa4",
                        "bat hit": "be42526c3a367cb7ff4d07b7f547789f",
                        "slap": "703a42a12d31ba280d2470a060bd019e",
                        "whack": "8f93fa329a1afbcd40ffb4670acdbb95",
                        "pizza": "405a4c19df00b97703f28dcd3d6f0b23",
                        "cheezburger pls": "8dccc0275d279d61af91bf2192a1c502",
                        "mmm cheezburger": "b617b9d33118775f68c4278116bed78d",
                        "nom nom nom": "5fe7825971ace8e660f9f66e4e34fbdb",
                        "beta bfg50": "d5d4c9083234d2b84ba0270f828a989d",
                        "windows error": "c582be6de0bdbb02963644bac80ea1ba",
                        "metal pipe": "a48aec4b605581466940e8706d193b3e",
                        "boss roar": "50ac50827a4279dbad667da8cd4b1ba4",
                        "d'oh": "9b5aa33cc02a4f66a40ddc1c2f356f26",
                        "fart 1": "49bfc6612c659e74196631a7c24e1f5c",
                        "fart 2": "99bc594bd0d067c099f8b40213f5d2f4",
                        "fart 3": "a64797d879514f2f2830cca05549917c",
                        "failure": "32df361ffb056e84ad68f2d759c9f182",
                        "toy gun": "c48d289b60385409669d7ee8ebb1a832",
                        "remove": "5873cfba79134ecfec6658f559d8f320"
                    }
                },
                "explosions": {
                    "explosions default": [
                        "644ce805a98f142462a1b16072639a6d",
                        "dc3803506c5f74cbd460519a8f882253",
                        "2700cff7472595d36164730ca682bc55",
                        "7d39ba6ff97601c6e6430709d967415f",
                        "dbfb0f447cc4c9031b85a7dc99216dd7",
                        "11beb6053598461d48e03a713545f321",
                        "603ed35195cd5957e0c418178975147c",
                        "1a1963570db057376d9fe1fb77600dd8",
                        "3e0af729b140cc9bbce5df68e44c873f",
                        "111c5be2fcbff43ba0f32ae8df519f86",
                        "b27f0b076c700a1cc6d7dba00c4b8b35",
                        "6d963dbf780628e98bfa941b23e13778",
                        "db71802e3f496f5cfc3d781eed43b98c",
                        "97e4d68d5003bdcefb565a98a44e4363",
                        "511f26fd3b63d14c4b8c41f69d1d545a",
                        "2da9a6422d03fe487487773a48da88b7",
                        "6e8bf85300b9be83272522cbbbb4a2d9",
                        "2fac8f2341b16f17530376cb3df4a1f1",
                        "c52a42f2ac898daefc63507b9f0d9c94",
                        "5500c88da13ef7d496a549ec8ba060f2"
                    ],
                    "subspace": {
                        "boom": "e8ad21ed3052383701e571f3c265d924",
                        "beep": "7763774b834063344305f3016b4309d3",
                        "invis": "e8ad21ed3052383701e571f3c265d924"
                    },
                    "bell": "b478c6fadeb3645df27d51d1c11d6ebd",
                    "taco bell": "007e3fdade28112d28e8ff0dfaeb65a0",
                    "metal pipe": "3f3016cdd65115263b7fb9d5fb8b40b7",
                    "og roblox explosion": "03d136234837405ec039df9d29821fd5",
                    "hl2 semtex": "17a6f0e40a90673ec1cd69ecdccf37a7",
                    "m120 crem explosion": "d3f74e85850cf40bf8d36803b5ab9c89",
                    "airstrike explosion": "40ba6cb1789a618ab02e0cfe4e2f7159",
                    "tf2 explosion": "e8ebbfd722e5be7302faad1e9d2a98af",
                    "bo1 grenade": "0b585b91d8ad9fea5e7564c042ba6570",
                    "8bit bomb": "1ddc99d3dd90cc2a23a6ec79bca573d7",
                    "remove": "5873cfba79134ecfec6658f559d8f320"
                },
                "hit sounds": {
                    "default": "a177d2c00abd3e550b873d76c97ad960",
                    "ding": "df62d2f5a545befcf81719f5ec7be3f6",
                    "osu": "01c20dd5f22535f5c598a0d8d89266fb",
                    "osu bubble": "0a24d862d5bb8eb368ffc46b0b094061",
                    "osu click": "e4c162508f3143b993e4987252d1e27d",
                    "kovaaks": "546ca45d4089d45a931e3ce54d737474",
                    "quake 3": "b276797f86a205ad57892ba259d7bca2",
                    "tf2": "80cda01cdd99bfaae5d7dc50f689bafa",
                    "mw2": "c5699c647761d9ed2407b3b8529310fe",
                    "mw2019": "d594c2d8b3234e49931d310764b3505f",
                    "xonotic": "2178841e2915c199051ffcfb3ff99b6c",
                    "meat punch 1": "99b11524684655eaa77495f37fbec71f",
                    "meat punch 2": "a86804777ed59f0421e1cd62863d4019",
                    "meat punch 3": "c4c60a8e87c9ee410ebeb70515eaa5ba",
                    "button": "d9fe9f65509642d75082e32441a26e66",
                    "boing": "d1478243251037788e8d4f365202bbf3",
                    "rust headshot": "a45086fd9aac7af4d9eb6c50962d7ccc",
                    "arsenal headshot": "0fb1cac73f0e0a695755454d5700bb0a",
                    "peggle": "631519a8d3df15dd435453f384132d8c",
                    "peggle low": "7b9b55debf4dae8eb74bdabd4d3b7a1b",
                    "bonk": "1e31d341fc0d6832cdcd5c8bf57f4e9a",
                    "small bonk": "448c64c2a76eea6c50a960eedbdd85f5",
                    "neverlose": "d1b91f19cfed2e02a2f9381174671388",
                    "pop": "f93c23cb45e31d9fd07ab4d688a54306",
                    "gamesense hitsound": "7166a73058e1ae1738a4268fa2855bad",
                    "helmet headshot 1": "47cd60db94ba86bc2b4a5fc36268bc9c",
                    "helmet headshot 2": "bfe23e0c6dc8215416489d846c7706d3",
                    "insurgency headshot 1": "eeb94b07cbb3102ef71c9de0d29c046c",
                    "insurgency headshot 2": "efba9652f655a2decfc9ab1048c63425",
                    "minecraft damage": "24ca11550dd831ae4b77751dbdb55725",
                    "steve hurt": "5499afe0c704e674f2c6ab4b9da49ce2",
                    "minecraft bow ding": "ec37e7657043f456b722e7af78834718",
                    "fortnite shield crack 1": "7a0e39642fe1051d4486dfa8850f9c26",
                    "fortnite shield crack 2": "87b10c7e66e30b7a7a56166518f84801",
                    "gd counter": "8d1cdbb62859b10b7222f0f6f4cce4f2",
                    "diabotical": "3c63bbc2af0e7262374b06505696b4d2",
                    "halo": "14d5285ed663960a8fc95a7000a0e1ea",
                    "neo": "2f61d33fd18607f04610ebf3b410ed95",
                    "deepquake": "169df1a02a4f7ea4ed7bdaa76be00991",
                    "elacour 1": "de1b067acc90d9a90d0c639f35bef7a5",
                    "elacour 2": "2f61d33fd18607f04610ebf3b410ed95",
                    "redcoat": "6e8b925feefbff34756e2763d014f805",
                    "thalash": "2bf5844fde0ea4a706e110a737855b11",
                    "bamboo": "4e6a5c2cfcbda2d517eff9981cd2a242",
                    "yoshi eat": "2b8483a8147a3b6a8484b83356329a01",
                    "tonk": "95a85d9c1969f481f9afa6b433cd6a9b",
                    "pizza tower": "303c1b3748043ba1d92c2dcc0aa64c29",
                    "dj scratch": "da502ffad664ea9ad9bfc16122e8b07a",
                    "discord": "5f42b9e660a9ad84165b411bd3d9bdad",
                    "8bit": {
                        "8bit 1": "88bb60d1d2c37feee229ef69c2d4d76f",
                        "8bit 2": "52c1c0b0b6341992e59e05eaeac75bd8",
                        "8bit 3": "5a29977d3d15e1cf70bb52498fc2d70e",
                        "8bit 4": "9de98be7f3b38db6af3b682c91ac949c",
                        "8bit 5": "8cceaab1caba625ffa35280123c87d8e"
                    },
                    "remove": "5873cfba79134ecfec6658f559d8f320"
                },
                "kill sounds": {
                    "kill default": [
                        "2d421883139df33004f7f4b09599f072",
                        "24d2253563d53f0da7d629905baf39a1",
                        "f759e18df11147e4063bde4456932a5b",
                        "49e13f7317bbda81144c039ad909487d",
                        "2a987fd54ae83be4acdcea094d615d01",
                        "796946525a9eaaa7266d9185b25e318c",
                        "1feefea40850972e3e63bcb0d86baca0"
                    ],
                    "tf2 1": "80cda01cdd99bfaae5d7dc50f689bafa",
                    "tf2 2": "0cc800883f9824fe1380110c147ec633",
                    "xonotic": "2178841e2915c199051ffcfb3ff99b6c",
                    "titanfall 2": "2134b97ee3e15c20a189d474d5269802",
                    "apex shield break": "cccbb89c427e68e9a54061bd34331362",
                    "bell": "b478c6fadeb3645df27d51d1c11d6ebd",
                    "balloon pop": "1c9a309f36cff20a354dcc8675294621",
                    "mighty eagle": "79c947ce29faf8a6e1fbd05d8473e506",
                    "red angry bird": "8c404fcc623fa24f814ffbc34788d845",
                    "sata andagi": "1f00efe6252f845873c98d7aca6c34b9",
                    "mw2019": "fc9401aaa9bd48d5de4e41c5c928a37c",
                    "bocw": "78ec1fb06ede9be290b2d6b19eed8f76",
                    "bf1 headshot": "2cca1081a15c5bf79851fef41b2b2f4b",
                    "okay": "2f04c22ca47269a568453603ede9d7da",
                    "og trowel": "15f74d5f2b7398997367445172956372",
                    "roblox oof": "7293d55730c60a9334e84d97bdd81b0b",
                    "hl2 scream": "b1ad6dbb7266d47a2431ffc1a5cff3e5",
                    "mario yahoo": "da7af51dcb12a55e75ce641ff6af06a7",
                    "funny tube up": "50f09af16e81115a818b62c5fe584d69",
                    "funny tube down": "5de2204b55c685766a890d32637868b6",
                    "cd break": "57fd0d1c447688af358eefbf73b816b0",
                    "the division hs": "323f6092a39bfecaa0ebf63fc2659598",
                    "gd chest": "a0359a727da80faa172439e8d155dc77",
                    "gd explode": "00255b54658813753207ceb03c46e5d3",
                    "pvz garden warfare": "ad50fb6e2893869063f6b4b6b4b3903f",
                    "bubble": "88aa775944848725b50463f8d3391d23",
                    "cardboard roll": "1d70b3f978d3173a009cfa7b351be2bc",
                    "quack": "603264a48e4187e63abad41e44eada35",
                    "teardrop": "3306c58d6d6495f51c55b736ef271569",
                    "lavak": "3dbe8bf92cee378b7d7bc63f856d99c0",
                    "ror2 railgunner crit": "6e23c9505c3da190723d07d6a1290b3e",
                    "toin": "cb307df8a27317a710a4a6bf33e4c726",
                    "high beep": "8dbb0fcc912d13cf8be3e524a3c81092",
                    "valorant": {
                        "valorant": "46a596454a748e9acb916d409123ceb6",
                        "champions 2024": "c6f4acd310cd664c872cd06d840287ca",
                        "champions 2022": "76a32f9a8fab81017076debb40736364",
                        "xerofang": "95da0efd2b5f5eba9291ad2644fe5d6b",
                        "reaver": "489612d55dc9c8668d3f70873fdfd40a",
                        "prime": "f94508c5b8eb56dbc027a0f643e49c07",
                        "nocturnum": "3ba163a85641c3e8d0ba46535c774dc5",
                        "kuronami": "607cbf712f135b97f05c868a5dd3531d",
                        "oni": "6d999fc689949ae1badd3b778a968d1c",
                        "sentinels of light": "e7bd14683b6e0b6612462d55ac72cace",
                        "prelude to chaos": "96b6cb666464ec02305320c501943bfa"
                    },
                    "touhou": {
                        "dead": "ffb71a903ac8a82cf1f7dc98a23492dd",
                        "spellcard": "8232bb89f2d90a10f79f614cb58acff8",
                        "twinkle 1": "6f27905b5057e85739117d67d9abc5ad",
                        "twinkle 2": "f7afa265cd66ad5e73f9f429525c31a3",
                        "bonus 1": "9967dcbddb1b70220286b48c4a90d388",
                        "bonus 2": "7f2a357783b062c6247e347f326dfbbf",
                        "attack": "1ba7b115581e1eaee4f455dce4df8aa1"
                    },
                    "remove": "5873cfba79134ecfec6658f559d8f320"
                }
            }
        }
    }
}
