{
    "post2022": {
        "color": {
            "asphalt": "3ef667423e9722d4640b832552e49da0",
            "basalt": "452dc64a26e1ae15de891e6cc9db9c3b",
            "brick": "0d609ea5a7cbe8edd4e7a96105936fed",
            "cardboard": "0befd914fb92cab1d560d2436114bf5f",
            "carpet": "4d0dcc3580defd9511b649bd63debc79",
            "ceramictiles": "e065f4f0e8d36cb7cf679006d46b61b7",
            "clayrooftiles": "3ba7d3e4df54bfa0dd625dee84efa6f1",
            "cobblestone": "8150c72b50d6a1c45bef66a5bec2c6d9",
            "concrete": "0a244aee7795d4505ff5d7e6b04ddb95",
            "corrodedmetal": "c206da39e2cae508185d32c0aced65f8",
            "crackedlava": "47d530d7d5fbe88ba49e409e36598478",
            "diamondplate": "03bdef21891ae5507465ad53f368e500",
            "fabric": "27295fccc0fc7b66e864e41e765f63b7",
            "foil": "05e1caec70410589a8b4c310244f2fa7",
            "glacier": "ce540737909f8955e1cb08049f0415cc",
            "glass": "9325aaf9c9008ab5b600b3f300172271",
            "granite": "7c2cef6d215f56dfbf5b13f00f26ee34",
            "grass": "11e56ab6ee95127250683e179266e5a9",
            "ground": "103ef907fe5e8e5e9dc3563cd39acf06",
            "ice": "1a6136e5cbaca631fd5ee9a4427babe4",
            "leafygrass": "dcd0519c3afb9a986e26144bef213b02",
            "leather": "a9499297d54c90f25b8557589215f340",
            "limestone": "cc4cf026728a562ab95b416b8cdd36f9",
            "marble": "be585682e7c0c0e87af80a80a9db5ebc",
            "metal": "1c96bc70052e3fb451870dd4a4409324",
            "mud": "971e795a5b8fdb365c3c75156e214003",
            "pavement": "36d6f57eb8a08c707741fab825aa5018",
            "pebble": "7d404ea3414824c32f56e6d3c65ebe65",
            "plaster": "67a566008e78b7a1a3f3fd737769769d",
            "rock": "2c33d8e5ba127ea6ecb3d761351034d7",
            "roofshingles": "31e15620abf0816c80484686783ccd06",
            "rubber": "177807c41fe70b949bfd4cfc1463bc6d",
            "salt": "cb9a9a3eccf6b6e6a8306598f751012c",
            "sand": "3f5a44edf0b41768a8e0c536d7eefaff",
            "sandstone": "1f67d52a78e018eb7895756a7562607e",
            "slate": "97b5137891bf2bf2dee6f2a5f686479f",
            "snow": "ce2e6441232aac687e9724a43f617f53",
            "wood": "a0e13654c8661d25207d5cdba2381bc1",
            "woodplanks": "c907b94d56f9a1b5c3c3c29982f73b3f"
        },
        "normal": {
            "asphalt": ["90122949df241f533f53faf5d964a908", "92d027fa623f2fb7fc2042424a47b551"],
            "basalt": ["12e0b69f757b9a1e3f72bb0357cb83b2", "11d7f5192f519969d446b87d975f1a9b"],
            "brick": "c5bde399fb2f7801da629d01224fc383",
            "cardboard": "6b00e53cfd73fb99e47b597a9fdd1828",
            "carpet": "510e3f33d5ef1abf87e0949575fd63de",
            "ceramictiles": "dfe06bad82d45475ae880bfd1e978973",
            "clayrooftiles": "50cfab3aed402f3685235dd7194dad54",
            "cobblestone": "eb4bcf255f3e6e277a0db06a38abecae",
            "concrete": "ffa95342e97b344c5317005fd2f4e332",
            "corrodedmetal": ["8fbd912ed7764edfef442735f8d97c2c", "e9d54fc7387c12dd190741ee213a0b12"],
            "crackedlava": "7dd3d97c2ca102e0a251f2660a4ed985",
            "diamondplate": "7826c455b4c16c8d603c33ef4aa569e6",
            "fabric": "8cf158a07245f062877025633724ffc1",
            "foil": ["028cb2b238c87a1e081fdefd7b690b50", "6283fba895e6e9427f94ceafdadd4139"],
            "glacier": "a18edce677076eb87784a7dc482e7c05",
            "glass": "e727565cacb4168ffc7648a782c8125f",
            "granite": "e93fff01737c30e5d0ea35063dbf5cbf",
            "grass": "7fdedaa0ce1271a4c5337fbf8716b3c5",
            "ground": "67a6ebcdc1d17af304b823bf96441807",
            "ice": "bf3b9c8a9b12ad25725f66292461bd58",
            "leafygrass": "d33d1a29680b08b69522680524b41c4a",
            "leather": "641d9712aeb1474c39af56026c0e774b",
            "limestone": "5290a43f40671a3ccfd8d83bb3ade58d",
            "marble": "a36c910b106560b3c181daa8fa77316b",
            "metal": "dde1e08a85234a045c75d9f3dd76a430",
            "mud": "1e1434d46c6451a65ad9409b986f4d57",
            "pavement": "a7aaa4741ed4a3cd7b4a24ef9452cdc0",
            "pebble": "45f5313175422d5e9b38b5f48a910172",
            "plaster": "86214a6ac93c784dfdfef15228a08f8c",
            "rock": "9b0d13cd5f4601a207d674f648c3e2dd",
            "roofshingles": "2077cd626e8763b749c5b4c731fa6261",
            "rubber": "27cc6a3c2e56262f475f1a7889d008cc",
            "salt": "d3356555393e47d735df101a3666a43d",
            "sand": "839384ef5aea8a72cdbe61bd645aeeb0",
            "sandstone": "2dcb59a847fa0712cca4f4ee319a4975",
            "slate": "71e7b0df744db03cc9db4ca27a7860a0",
            "snow": "0002dc1b344deb5c87bc839430a7c144",
            "wood": ["a242ea1256aa3896792f6fdc95824f7e", "0e98ae16667d9d3031be45b3b59a96ed"],
            "woodplanks": "5f8439184dcf42468a594abf367c8c1a"
        },
        "roughness": {
            "asphalt": "ab00c6a3b279049d74e4ea808d17b6f5",
            "basalt": "669c16bd8d67f6ac9814bf80f8af4bd9",
            "brick": "60b98a555b6a986cd0fb01aef5af52a9",
            "cardboard": "49883536c5c6f37deaa99b9fc9182e53",
            "carpet": "91f63d5bfc40fe58ca3fa721a2f7e12f",
            "ceramictiles": "69ecef27130ef7e3a64e8408b9860a8e",
            "clayrooftiles": "93c8d6033a96105536219ecc5ed4de81",
            "cobblestone": "3bd77b905f3eaa560d3cf4746f8868cb",
            "concrete": "0f15bd953845a36cc9cfa31b6423e9b7",
            "corrodedmetal": "a3216b2af473382d04148592725bf704",
            "crackedlava": "c9622556430ea8d34f5bcddea910f847",
            "diamondplate": "811a0dc3519f3fb5bed16593f97d0774",
            "fabric": "d28e620fecf3a67888bda08915002c8b",
            "foil": "aa7252bb0e16dd6260207af2330e26f5",
            "glacier": "84a4f3e39197193cb2f9d91f06b9edee",
            "glass": "53a530c1e3268d5bf0eb57f07b6f87af",
            "granite": "90f1cb5ca5566822db61ad985e1b58fd",
            "grass": "bbfbdc04e3e3246cc38ae78356466cdc",
            "ground": "bfd8274f30b3689d7676b12bc43b4f99",
            "ice": "f5e6a835c5c4824cd8357eca7eff62b7",
            "leafygrass": "22f87d7c188bf6e70ff69e2f32744590",
            "leather": "84258a11a89c3b7195bad578612050d7",
            "limestone": "30a24340f0ca7445e0c840d89f10b330",
            "marble": "f00494d54461367ba4948f8aeab9164c",
            "metal": "b7c0a41c4657c76d1c3794327a64a695",
            "mud": "7928f440486cb66cefa5d9a77ba80e8d",
            "pavement": "3aa3b71dea651b86b3282bfe9fbfca13",
            "pebble": "d142fb3a822d92afd15f1fc36451df86",
            "plaster": "7c01f8654f67754702e74d60c9fc7642",
            "rock": "e18a3b4bffaf49183f325db07c496c3a",
            "roofshingles": "037bc57b012ad4522d65729ab42631d6",
            "rubber": "11a6303b7e13b992881cd17e36d17ed4",
            "salt": "d71692d4d9e7e07d9fa6902c55b8ac1b",
            "sand": "863b9e551c9ffcb20b63a38c0365f501",
            "sandstone": "bfd89bf1df41d9f01f611d746aa1cbeb",
            "slate": "aad7bbf85d3564c3c207342eb86c5863",
            "snow": "aa86255bfb20a9056f48a4d8d2e42d62",
            "wood": "7f6b9996caa620a39a117abe5d0ee86c",
            "woodplanks": "6a47b1ce4e7a5e7865199b1dd91620ef"
        }
    },
    "pre2022":{
        "color": {
            "Brick": "13ee196061df133476c021c77af4f7bf",
            "Cobblestone": "fe2b3b397c4f10174a132e6e7bbdcbab",
            "Concrete": "b1477d6008255dfbc35e6bbdc38f5838",
            "Corroded Metal": "738c7f5a031061e4460bbfd9a9fa0685",
            "Diamond Plate": "040e52747440b45622ca9d24586210dd",
            "Fabric": "6e649a3ad144c63298bafb5f0583ed7d",
            "Foil": "172b91e40fe8e0920b3ead70ae9114bb",
            "Glass": "9325aaf9c9008ab5b600b3f300172271",
            "Granite": "62e2b277e82834b58e2b3b52e11b99da",
            "Grass": "97aa54e1fa3dc2456ae397628b4ee14e",
            "Ice": "7293b4ab0466e113e1ee31b65a515826",
            "Marble": "7d7dba3d1edfd53d7ddeea257dbc6fef",
            "Metal": "0f43832ab266f88217c555f7e77b0b76",
            "Pebble": "1679ede89160eb16578553533b9b8722",
            "Sand": "fea5de8b1dd73cb50bd30cdc88dfe812",
            "Slate": "ce0a762d7b833af23fa16bcef973fedb",
            "Wood": "421256de2c0fa26355c09266814d995d",
            "Wood Planks": "be89c57595c39738c8fb1399f5fa2d02"
        },
        "normal": {
            "Brick": "af9c3a7326609b97f42694a809e2f384",
            "Cobblestone": "5850cd8319fbec3f68c8c932ba7612ef",
            "Concrete": "11d7f5192f519969d446b87d975f1a9b",
            "Corroded Metal": "83ae2a4ea3b822f0666f54449a4a201a",
            "Diamond Plate": "c1365b7cd16bb6e3cf00ae307d16dffd",
            "Fabric": "da00c2a2bba51d962b29423c25b28bd3",
            "Foil": "f4f6ea0d3d235be9afa7571b7de815f8",
            "Glass": "e727565cacb4168ffc7648a782c8125f",
            "Grass": "262be7642f3309b2e3318fb780b2c02c",
            "Ice": "d548984505627addcb2a30f31f98446f",
            "Marble": "b7649c71469b87a9a436aaed464268bd",
            "Metal": "291d1fb0301bca507b3724dec4165de8",
            "Sand": "5c20334cdaadfe51ef3adb66041489ee",
            "Slate": ["1c619370be4fbb083c623b9a1a0be10a", "5307bed430af5b1e01e92a2df44657c2"],
            "Wood": ["0e98ae16667d9d3031be45b3b59a96ed", "9ad4b9b6abc2e9fd01f73fb8910324f9"],
            "Wood Planks": "4ac6898543f498a3fadf5f88f563b903"
        },
        "roughness": {
            "Brick": "53296803cf1314837a0f994db84543c1",
            "Cobblestone": "4ec279873114cf572532d83fe43727ff",
            "Concrete": "a6350db757d4fc6848513f4926fe39c2",
            "Corroded Metal": "0bfe165bdef9ccbe4dd8031583fdeb20",
            "Diamond Plate": "42f9c63df829bea122b8e81acc08a876",
            "Fabric": "60a99d5ab2dbf24f654b93b731f720c7",
            "Foil": "7293b4ab0466e113e1ee31b65a515826",
            "Glass": "be83b7268a558ec1c0ae8dc52ec6ff27",
            "Granite": "2fd7cb83f6a06b0f1a76278f6b868bb0",
            "Grass": "88d705ea67326c8816fdee41d9a59295",
            "Ice": "ce9385b2ec31ac2014510ffe7b1aee12",
            "Marble": "740b597a114c1ba32bf81cccc457439e",
            "Metal": "9064c5e71824f58a79c233b9a8143974",
            "Pebble": "3a8b005a641ebd956411a9359ebffbd4",
            "Sand": "7aba69c68864246fad1674b562abdf31",
            "Slate": "6595d44757a075dcb18853886cadb26f",
            "Wood": "8c6aa213d6b30fe4e8bf0f7833ea51e6",
            "Wood Planks": "9f7cd8443f56aec39988547a92139254"
        }    
    },
    "remove": "75205be5a167842c7ed931d9d5a904ca",
    "Colors": {
        "color": {
            "red": "0fd837a1ecf108995ebc5a6422cdb95f",
            "blue": "a888233f85bffe00c182ef145b8dca62",
            "green": "0fe8f11b3912f5cf5c29280c10a96dd8",
            "yellow": "0fa10962e9e7e79d4042e9ac2ca0b6ba",
            "orange": "eee482d50d7914c27f92d5b0ebdc4c07",
            "purple": "16053dc4ca99525be4206331d7eb9152",
            "pink": "1a1e3a2acc1c0c85bb592c6839ecf7b0",
            "brown": "891f27dd686b9de64bc016fa1ee096ad",
            "black": "f14b23ed2d7f2ba8273c627a91c910ab",
            "white": "0b1977a3636fe388f45c335b84316f32",
            "gray": "01e38d211d3b4c44d860e210abf2c005"
        },
        "normal": {
            "red": "e045b7c5fc23a85074263e78a2cf3cd2",
            "blue": "e045b7c5fc23a85074263e78a2cf3cd2",
            "green": "e045b7c5fc23a85074263e78a2cf3cd2",
            "yellow": "e045b7c5fc23a85074263e78a2cf3cd2",
            "orange": "e045b7c5fc23a85074263e78a2cf3cd2",
            "purple": "e045b7c5fc23a85074263e78a2cf3cd2",
            "pink": "e045b7c5fc23a85074263e78a2cf3cd2",
            "brown": "e045b7c5fc23a85074263e78a2cf3cd2",
            "black": "e045b7c5fc23a85074263e78a2cf3cd2",
            "white": "e045b7c5fc23a85074263e78a2cf3cd2",
            "gray": "e045b7c5fc23a85074263e78a2cf3cd2"
        },
        "roughness": {
            "red": "38ccdc2b62345593d716ac39869d613e",
            "blue": "38ccdc2b62345593d716ac39869d613e",
            "green": "38ccdc2b62345593d716ac39869d613e",
            "yellow": "38ccdc2b62345593d716ac39869d613e",
            "orange": "38ccdc2b62345593d716ac39869d613e",
            "purple": "38ccdc2b62345593d716ac39869d613e",
            "pink": "38ccdc2b62345593d716ac39869d613e",
            "brown": "38ccdc2b62345593d716ac39869d613e",
            "black": "38ccdc2b62345593d716ac39869d613e",
            "white": "38ccdc2b62345593d716ac39869d613e",
            "gray": "38ccdc2b62345593d716ac39869d613e"
        }
    },
    "Realistic textures": {
        "color": {
            "Bark Willow": "dec40616757488c5072707ec69c33d72",
            "Coast Sand Rocks 02": "e46cedd986b0f72c9f42814eab29ba1e",
            "Japanese Stone Wall": "6bac171bca5cf4ae0cb475c19b71ec0b",
            "Medieval Wood": "bdc921581fd8d24dfc50db66281127df",
            "realistic grass": "8b7c84812d3ffb0d1df694ddd43be6b3",
            "realistic concrete": "c98ea32256249b7b970ebec237ef559f",
            "realistic slate": "9d4eda569507664600c41328f9987dcc"
        },
        "normal": {
            "Bark Willow": "e24298293d598e116e91effc75d8607a",
            "Coast Sand Rocks 02": "ca2d8a9640b872d85b580f3c711f925b",
            "Japanese Stone Wall": "703af0e52c710bc50ef93b168454ce1c",
            "Medieval Wood": "45f9206b46e0527263c86b6297c66053",
            "realistic grass": "57e5a854f78e75ce10f360a251b5ac0c",
            "realistic concrete": "501cc0f6954884ee3e6a85d3e4ebfa96",
            "realistic slate": "6065ef68c00b3c77e5139cf3298fd26a"
        },
        "roughness": {
            "Bark Willow": "f10614af2cbc3ba5e6a81178707a2077",
            "Coast Sand Rocks 02": "d7c838ee3209bc2b35dca4fa2215dbd8",
            "Japanese Stone Wall": "d0058cf31c9c860b37be79c2851753bd",
            "Medieval Wood": "f71b80084c93891dea29300629f229df",
            "realistic grass": "e5f7d9985326fac593dc4fef18653022",
            "realistic concrete": "452fcfd2c9770f98f277bbe5a0245ab6",
            "realistic slate": "271d5d627eceb595ca1d3560627d060c"
        }
    }
}
